{
    "powerplay": {
        "-1": 0.04348428249568415,
        "0": 0.4863277706795151,
        "1": 0.2540247149586946,
        "2": 0.04808103073276829,
        "3": 0.005122453159593871,
        "4": 0.1332842415316642,
        "6": 0.0296755064420798
    },
    "middle": {
        "-1": 0.04719460097568909,
        "0": 0.3451698290304374,
        "1": 0.42034433734391763,
        "2": 0.06751881533509248,
        "3": 0.003203827226260219,
        "4": 0.08118383793554718,
        "6": 0.03538475215305597
    },
    "death": {
        "-1": 0.08661457435889752,
        "0": 0.28489897438586764,
        "1": 0.37090672080670656,
        "2": 0.093171312771106,
        "3": 0.0038627220353458546,
        "4": 0.10284459960593642,
        "6": 0.05770109603613998
    }
}